forecast_date,estimation_end,mu,omega,alpha,beta,nu,persistence
2002-12-27,2002-12-26,-0.02082272393,0.07333827035,0.08067396663,0.8814129095,13.53410038,0.9620868761
2003-03-31,2003-03-28,-0.03315096995,0.0729364233,0.08046870206,0.8837484323,12.63686037,0.9642171344
2003-06-30,2003-06-27,-0.02675695272,0.07266673425,0.07856656075,0.8855254338,12.10479088,0.9640919946
2003-09-29,2003-09-26,-0.01060014684,0.05761801653,0.08295251085,0.8880651514,12.17137857,0.9710176622
2003-12-29,2003-12-26,-0.0007377740818,0.03216208254,0.08239799935,0.9010389685,14.28384395,0.9834369678
2004-03-30,2004-03-29,0.01095137362,0.02749280912,0.08567978812,0.8990364523,18.46726724,0.9847162404
2004-06-30,2004-06-29,0.01417346268,0.01772472095,0.08105297028,0.9094027609,20.45269717,0.9904557311
2004-09-29,2004-09-28,0.009738159563,0.01085485768,0.06708292025,0.9259709643,19.53401904,0.9930538845
2004-12-29,2004-12-28,0.03156388888,0.01019918495,0.06646578802,0.9257508397,19.29108012,0.9922166277
2005-03-31,2005-03-30,0.02895768775,0.00774793591,0.05630722671,0.9362207283,27.45119081,0.992527955
2005-06-29,2005-06-28,0.02868920258,0.006572532223,0.05869443114,0.9350718882,33.40815823,0.9937663194
2005-09-28,2005-09-27,0.03377787588,0.003674190915,0.04831619441,0.9472266411,234.0096296,0.9955428355
2005-12-28,2005-12-27,0.03395441959,0.004269453978,0.05222026833,0.9424964284,109.5854035,0.9947166967
2006-03-30,2006-03-29,0.03908959299,0.003896632809,0.04410967051,0.9495268199,214.5633516,0.9936364904
2006-06-29,2006-06-28,0.03118221669,0.004020685486,1.922374575e-15,0.9904877235,148.5798128,0.9904877235
2006-09-28,2006-09-27,0.04433868317,0.006866652401,0.02616870302,0.9594380714,66.48333756,0.9856067745
2006-12-28,2006-12-27,0.05128550551,0.006348192685,0.03356541499,0.952387487,38.26669943,0.985952902
2007-04-02,2007-03-30,0.05440088232,0.008491230815,0.03330581624,0.9486939072,11.34792598,0.9819997235
2007-07-02,2007-06-29,0.05611956005,0.01899715949,0.04033927606,0.918144687,10.66611991,0.958483963
2007-10-01,2007-09-28,0.0587469822,0.01686137424,0.05394058541,0.9136985306,8.49964011,0.967639116
2007-12-31,2007-12-28,0.05254284698,0.01279087621,0.06077650846,0.9182962404,7.822787277,0.9790727489
2008-04-02,2008-04-01,0.05148117392,0.005526074407,0.05733146716,0.9377633429,7.304637786,0.9950948101
2008-07-01,2008-06-30,0.05423133668,0.007159295634,0.05825860306,0.9342647639,6.602626853,0.992523367
2008-09-30,2008-09-29,0.0556514705,0.005786798262,0.07324735255,0.9267526475,6.403820838,1
2008-12-30,2008-12-29,0.05351594265,0.00775472579,0.08912705825,0.9108729418,6.520717807,1
2009-04-01,2009-03-31,0.05617451607,0.006553334238,0.08390664684,0.9160933532,6.352523078,1
2009-07-01,2009-06-30,0.05626436556,0.007131730629,0.08064234531,0.9193576547,6.105636732,1
2009-09-30,2009-09-29,0.07110543542,0.005754046276,0.07651468834,0.9234853117,5.761904112,1
2009-12-30,2009-12-29,0.0696728265,0.006262321481,0.07723693641,0.9227630636,5.827744143,1
2010-04-01,2010-03-31,0.08314350934,0.007328053938,0.08613643774,0.9138635623,5.716112662,1
2010-07-01,2010-06-30,0.09169591757,0.009315393659,0.09438322133,0.9056167787,5.826198203,1
2010-09-30,2010-09-29,0.09289742048,0.01173248637,0.08965448329,0.9103455167,5.537085861,1
2010-12-30,2010-12-29,0.1058000969,0.01781897368,0.1014229959,0.8985770041,5.182503384,1
2011-03-31,2011-03-30,0.1130826811,0.01985465635,0.1019040889,0.8980959111,5.522797323,1
2011-06-30,2011-06-29,0.09439831262,0.01936742195,0.1035106673,0.8961054686,5.899724008,0.9996161359
2011-09-29,2011-09-28,0.08928936049,0.02158939911,0.1071806847,0.8928193153,5.918257899,1
2011-12-29,2011-12-28,0.09858435682,0.01905691475,0.1054172064,0.8945827936,6.148593313,1
2012-03-30,2012-03-29,0.1176262863,0.01857447001,0.1120443092,0.8879556908,5.703228032,1
2012-06-29,2012-06-28,0.1104192142,0.01950113567,0.1150879882,0.8844322583,6.111979391,0.9995202465
2012-09-28,2012-09-27,0.1100815479,0.01990198567,0.09600318658,0.8943789385,5.927571649,0.9903821251
2013-01-02,2012-12-31,0.1008112841,0.02208444054,0.09500033959,0.8936344181,5.702750495,0.9886347577
2013-04-04,2013-04-03,0.1084469889,0.0265267592,0.1020721906,0.8814183906,5.386318475,0.9834905811
2013-07-03,2013-07-02,0.1125120851,0.03384987012,0.1122550822,0.8645829532,5.541145799,0.9768380354
2013-10-02,2013-10-01,0.1023191353,0.03349714728,0.121771734,0.8536202391,5.553065552,0.9753919732
2014-01-02,2013-12-31,0.1029895316,0.03146287719,0.1195723037,0.8559166804,5.356608747,0.9754889841
2014-04-03,2014-04-02,0.09194794724,0.02754182638,0.1016752832,0.8747044222,5.352606371,0.9763797054
2014-07-03,2014-07-02,0.09835519972,0.02990177855,0.1120338158,0.8581409334,5.334368538,0.9701747492
2014-10-02,2014-10-01,0.09280203572,0.03622690191,0.134574364,0.828554343,5.565668928,0.963128707
2015-01-02,2014-12-31,0.09151977181,0.04127338623,0.1604559704,0.8003459453,5.932026708,0.9608019158
2015-04-06,2015-04-02,0.08519316936,0.03937648129,0.1626932971,0.7987718639,6.988034294,0.961465161
2015-07-06,2015-07-02,0.08456927817,0.04046386179,0.1577463178,0.7989104771,6.292026314,0.9566567949
2015-10-02,2015-10-01,0.08213229262,0.05274292778,0.1620278354,0.7716852894,6.526479741,0.9337131248
2016-01-04,2015-12-31,0.08090395128,0.0717203332,0.1689071358,0.7297278912,7.065462811,0.8986350269
2016-04-05,2016-04-04,0.07966412489,0.05769879735,0.1723866827,0.7533860638,7.640937456,0.9257727465
2016-07-05,2016-07-01,0.08305550166,0.0719084334,0.2032696954,0.7044391251,7.106738787,0.9077088205
2016-10-03,2016-09-30,0.08121349397,0.06772155659,0.2228463759,0.6948869963,6.562243982,0.9177333722
2017-01-03,2016-12-30,0.07643853045,0.05997783814,0.209363881,0.7135351699,6.357379199,0.9228990509
2017-04-04,2017-04-03,0.07313686901,0.04667269213,0.1940116881,0.7435624779,6.198913614,0.9375741659
2017-07-05,2017-07-03,0.06360537328,0.04165905666,0.1999916715,0.7494630433,5.282780489,0.9494547148
2017-10-03,2017-10-02,0.06901944656,0.03508672882,0.2152690213,0.7511601527,4.755575494,0.966429174
2018-01-03,2018-01-02,0.06994319933,0.02690948184,0.2170404273,0.7641674358,4.666549663,0.981207863
2018-04-05,2018-04-04,0.07408151079,0.0258368177,0.2279569512,0.7652306194,4.543171373,0.9931875706
2018-07-05,2018-07-03,0.06613033655,0.0261742676,0.2306231849,0.7634671017,4.523776986,0.9940902867
2018-10-03,2018-10-02,0.07119857319,0.02356852993,0.2127338295,0.7741155887,4.80445773,0.9868494182
