model,forecast,lower,upper,quarter,history_end,actual,split
ARIMA,2.908430005,-4.542423046,10.35928306,1990Q1,1989Q4,4.157010791,validation
VAR,2.589154139,-4.541505342,9.71981362,1990Q1,1989Q4,4.157010791,validation
VECM,2.589154139,-4.453287602,9.63159588,1990Q1,1989Q4,4.157010791,validation
Historical mean,3.497324401,,,1990Q1,1989Q4,4.157010791,validation
Random walk,0,,,1990Q1,1989Q4,4.157010791,validation
ARIMA,3.309483317,-4.114556096,10.73352273,1990Q2,1990Q1,1.586596119,validation
VAR,3.163194811,-3.943164009,10.26955363,1990Q2,1990Q1,1.586596119,validation
VECM,3.163194811,-3.85596612,10.18235574,1990Q2,1990Q1,1.586596119,validation
Historical mean,3.502644452,,,1990Q2,1990Q1,1.586596119,validation
Random walk,0,,,1990Q2,1990Q1,1.586596119,validation
ARIMA,3.191668093,-4.208642577,10.59197876,1990Q3,1990Q2,-0.006054938392,validation
VAR,2.240116086,-4.842338127,9.322570298,1990Q3,1990Q2,-0.006054938392,validation
VECM,2.240116086,-4.756138718,9.236370889,1990Q3,1990Q2,-0.006054938392,validation
Historical mean,3.487316065,,,1990Q3,1990Q2,-0.006054938392,validation
Random walk,0,,,1990Q3,1990Q2,-0.006054938392,validation
ARIMA,2.487843585,-4.903874874,9.879562045,1990Q4,1990Q3,-3.51998802,validation
VAR,2.359606119,-4.704872342,9.424084579,1990Q4,1990Q3,-3.51998802,validation
VECM,2.359606119,-4.619583761,9.338795998,1990Q4,1990Q3,-3.51998802,validation
Historical mean,3.459590899,,,1990Q4,1990Q3,-3.51998802,validation
Random walk,0,,,1990Q4,1990Q3,-3.51998802,validation
ARIMA,1.41412952,-6.020916479,8.849175519,1991Q1,1990Q4,-1.942405825,validation
VAR,-0.1683579212,-7.279284393,6.942568551,1991Q1,1990Q4,-1.942405825,validation
VECM,-0.1683579212,-7.194120525,6.857404682,1991Q1,1990Q4,-1.942405825,validation
Historical mean,3.404633584,,,1991Q1,1990Q4,-1.942405825,validation
Random walk,0,,,1991Q1,1990Q4,-1.942405825,validation
ARIMA,1.186360097,-6.241357176,8.614077369,1991Q2,1991Q1,2.690648084,validation
VAR,0.8102788284,-6.27847753,7.899035186,1991Q2,1991Q1,2.690648084,validation
VECM,0.8102788284,-6.194251692,7.814809348,1991Q2,1991Q1,2.690648084,validation
Historical mean,3.362859839,,,1991Q2,1991Q1,2.690648084,validation
Random walk,0,,,1991Q2,1991Q1,2.690648084,validation
ARIMA,2.510691886,-4.892724803,9.914108575,1991Q3,1991Q2,1.681455919,validation
VAR,3.050658808,-4.017167546,10.11848516,1991Q3,1991Q2,1.681455919,validation
VECM,3.050658808,-3.933850375,10.03516799,1991Q3,1991Q2,1.681455919,validation
Historical mean,3.357648895,,,1991Q3,1991Q2,1.681455919,validation
Random walk,0,,,1991Q3,1991Q2,1.681455919,validation
ARIMA,2.886071458,-4.490144926,10.26228784,1991Q4,1991Q3,1.564976916,validation
VAR,2.232874471,-4.810874973,9.276623915,1991Q4,1991Q3,1.564976916,validation
VECM,2.232874471,-4.728489104,9.194238046,1991Q4,1991Q3,1.564976916,validation
Historical mean,3.344755103,,,1991Q4,1991Q3,1.564976916,validation
Random walk,0,,,1991Q4,1991Q3,1.564976916,validation
ARIMA,2.711565518,-4.639854607,10.06298564,1992Q1,1991Q4,4.366683899,validation
VAR,1.301232501,-5.715681902,8.318146904,1992Q1,1991Q4,4.366683899,validation
VECM,1.301232501,-5.634244934,8.236709936,1992Q1,1991Q4,4.366683899,validation
Historical mean,3.33116901,,,1992Q1,1991Q4,4.366683899,validation
Random walk,0,,,1992Q1,1991Q4,4.366683899,validation
ARIMA,3.35115155,-3.977769003,10.6800721,1992Q2,1992Q1,4.227742106,validation
VAR,5.052071245,-1.957125789,12.06126828,1992Q2,1992Q1,4.227742106,validation
VECM,5.052071245,-1.876402977,11.98054547,1992Q2,1992Q1,4.227742106,validation
Historical mean,3.33901382,,,1992Q2,1992Q1,4.227742106,validation
Random walk,0,,,1992Q2,1992Q1,4.227742106,validation
ARIMA,3.700605888,-3.602223997,11.00343577,1992Q3,1992Q2,4.106167144,validation
VAR,2.678225462,-4.305172864,9.661623788,1992Q3,1992Q2,4.106167144,validation
VECM,2.678225462,-4.225359976,9.5818109,1992Q3,1992Q2,4.106167144,validation
Historical mean,3.345695987,,,1992Q3,1992Q2,4.106167144,validation
Random walk,0,,,1992Q3,1992Q2,4.106167144,validation
ARIMA,3.65761503,-3.618225358,10.93345542,1992Q4,1992Q3,4.187451436,validation
VAR,3.764926304,-3.195840733,10.72569334,1992Q4,1992Q3,4.187451436,validation
VECM,3.764926304,-3.11688808,10.64674069,1992Q4,1992Q3,4.187451436,validation
Historical mean,3.351371145,,,1992Q4,1992Q3,4.187451436,validation
Random walk,0,,,1992Q4,1992Q3,4.187451436,validation
ARIMA,3.664244701,-3.585137735,10.91362714,1993Q1,1992Q4,0.7344551911,validation
VAR,4.009757756,-2.924764999,10.94428051,1993Q1,1992Q4,0.7344551911,validation
VECM,4.009757756,-2.846700342,10.86621585,1993Q1,1992Q4,0.7344551911,validation
Historical mean,3.357564333,,,1993Q1,1992Q4,0.7344551911,validation
Random walk,0,,,1993Q1,1992Q4,0.7344551911,validation
ARIMA,2.864273498,-4.375094123,10.10364112,1993Q2,1993Q1,2.550998899,validation
VAR,2.31916182,-4.611402626,9.249726266,1993Q2,1993Q1,2.550998899,validation
VECM,2.31916182,-4.533963722,9.172287361,1993Q2,1993Q1,2.550998899,validation
Historical mean,3.338276765,,,1993Q2,1993Q1,2.550998899,validation
Random walk,0,,,1993Q2,1993Q1,2.550998899,validation
ARIMA,2.819485344,-4.393600603,10.03257129,1993Q3,1993Q2,2.100096477,validation
VAR,3.456860296,-3.447711411,10.361432,1993Q3,1993Q2,2.100096477,validation
VECM,3.456860296,-3.371133386,10.28485398,1993Q3,1993Q2,2.100096477,validation
Historical mean,3.332530212,,,1993Q3,1993Q2,2.100096477,validation
Random walk,0,,,1993Q3,1993Q2,2.100096477,validation
ARIMA,2.950571679,-4.237311504,10.13845486,1993Q4,1993Q3,5.247786796,validation
VAR,3.710443523,-3.17211947,10.59300652,1993Q4,1993Q3,5.247786796,validation
VECM,3.710443523,-3.096345825,10.51723287,1993Q4,1993Q3,5.247786796,validation
Historical mean,3.323599532,,,1993Q4,1993Q3,5.247786796,validation
Random walk,0,,,1993Q4,1993Q3,5.247786796,validation
ARIMA,3.624996345,-3.547075874,10.79706856,1994Q1,1993Q4,3.875301385,validation
VAR,3.285318859,-3.576554596,10.14719231,1994Q1,1993Q4,3.875301385,validation
VECM,3.285318859,-3.501559191,10.07219691,1994Q1,1993Q4,3.875301385,validation
Historical mean,3.337442606,,,1994Q1,1993Q4,3.875301385,validation
Random walk,0,,,1994Q1,1993Q4,3.875301385,validation
ARIMA,3.731697808,-3.414833738,10.87822935,1994Q2,1994Q1,5.434279521,validation
VAR,3.768530179,-3.068780905,10.60584126,1994Q2,1994Q1,5.434279521,validation
VECM,3.768530179,-2.994594502,10.53165486,1994Q2,1994Q1,5.434279521,validation
Historical mean,3.341284455,,,1994Q2,1994Q1,5.434279521,validation
Random walk,0,,,1994Q2,1994Q1,5.434279521,validation
ARIMA,3.918047757,-3.208560465,11.04465598,1994Q3,1994Q2,2.568161583,validation
VAR,2.993833609,-3.824141407,9.811808625,1994Q3,1994Q2,2.568161583,validation
VECM,2.993833609,-3.750696087,9.738363305,1994Q3,1994Q2,2.568161583,validation
Historical mean,3.356128391,,,1994Q3,1994Q2,2.568161583,validation
Random walk,0,,,1994Q3,1994Q2,2.568161583,validation
ARIMA,3.465784007,-3.639151113,10.57071913,1994Q4,1994Q3,4.417910997,validation
VAR,3.143273157,-3.650320596,9.936866911,1994Q4,1994Q3,4.417910997,validation
VECM,3.143273157,-3.577659751,9.864206065,1994Q4,1994Q3,4.417910997,validation
Historical mean,3.350579329,,,1994Q4,1994Q3,4.417910997,validation
Random walk,0,,,1994Q4,1994Q3,4.417910997,validation
ARIMA,3.505251991,-3.576484979,10.58698896,1995Q1,1994Q4,0.9800960027,validation
VAR,3.517802663,-3.254601009,10.29020634,1995Q1,1994Q4,0.9800960027,validation
VECM,3.517802663,-3.18267964,10.21828497,1995Q1,1994Q4,0.9800960027,validation
Historical mean,3.358043187,,,1995Q1,1994Q4,0.9800960027,validation
Random walk,0,,,1995Q1,1994Q4,0.9800960027,validation
ARIMA,2.967745249,-4.101306709,10.03679721,1995Q2,1995Q1,0.8589298171,validation
VAR,1.72335119,-5.037803278,8.484505658,1995Q2,1995Q1,0.8589298171,validation
VECM,1.72335119,-4.96650616,8.41320854,1995Q2,1995Q1,0.8589298171,validation
Historical mean,3.341529665,,,1995Q2,1995Q1,0.8589298171,validation
Random walk,0,,,1995Q2,1995Q1,0.8589298171,validation
ARIMA,2.45373427,-4.599135396,9.506603936,1995Q3,1995Q2,3.347755385,validation
VAR,3.190461066,-3.548164372,9.929086503,1995Q3,1995Q2,3.347755385,validation
VECM,3.190461066,-3.477600905,9.858523036,1995Q3,1995Q2,3.347755385,validation
Historical mean,3.324408287,,,1995Q3,1995Q2,3.347755385,validation
Random walk,0,,,1995Q3,1995Q2,3.347755385,validation
ARIMA,3.009963535,-4.020242213,10.04016928,1995Q4,1995Q3,2.779192494,validation
VAR,3.313999083,-3.400906151,10.02890432,1995Q4,1995Q3,2.779192494,validation
VECM,3.313999083,-3.33107855,9.959076715,1995Q4,1995Q3,2.779192494,validation
Historical mean,3.324568198,,,1995Q4,1995Q3,2.779192494,validation
Random walk,0,,,1995Q4,1995Q3,2.779192494,validation
ARIMA,3.213314562,-3.793035833,10.21966496,1996Q1,1995Q4,2.730689119,validation
VAR,2.920415251,-3.77154027,9.612370772,1996Q1,1995Q4,2.730689119,validation
VECM,2.920415251,-3.702430444,9.543260945,1996Q1,1995Q4,2.730689119,validation
Historical mean,3.32085816,,,1996Q1,1995Q4,2.730689119,validation
Random walk,0,,,1996Q1,1995Q4,2.730689119,validation
ARIMA,3.122739739,-3.860322107,10.10580159,1996Q2,1996Q1,6.856046186,validation
VAR,3.362832069,-3.305918496,10.03158263,1996Q2,1996Q1,6.856046186,validation
VECM,3.362832069,-3.237519246,9.963183384,1996Q2,1996Q1,6.856046186,validation
Historical mean,3.316870531,,,1996Q2,1996Q1,6.856046186,validation
Random walk,0,,,1996Q2,1996Q1,6.856046186,validation
ARIMA,4.071541986,-2.913655213,11.05673918,1996Q3,1996Q2,3.464344212,validation
VAR,3.776144457,-2.893673913,10.44596283,1996Q3,1996Q2,3.464344212,validation
VECM,3.776144457,-2.825728321,10.37801723,1996Q3,1996Q2,3.464344212,validation
Historical mean,3.340623388,,,1996Q3,1996Q2,3.464344212,validation
Random walk,0,,,1996Q3,1996Q2,3.464344212,validation
ARIMA,3.85573114,-3.106826545,10.81828882,1996Q4,1996Q3,4.342673362,validation
VAR,2.704069161,-3.943057919,9.351196241,1996Q4,1996Q3,4.342673362,validation
VECM,2.704069161,-3.875800265,9.283938587,1996Q4,1996Q3,4.342673362,validation
Historical mean,3.341448193,,,1996Q4,1996Q3,4.342673362,validation
Random walk,0,,,1996Q4,1996Q3,4.342673362,validation
ARIMA,3.600949823,-3.338943517,10.54084316,1997Q1,1996Q4,3.064688176,validation
VAR,3.162740578,-3.466987321,9.792468477,1997Q1,1996Q4,3.064688176,validation
VECM,3.162740578,-3.400355199,9.725836355,1997Q1,1996Q4,3.064688176,validation
Historical mean,3.348078823,,,1997Q1,1996Q4,3.064688176,validation
Random walk,0,,,1997Q1,1996Q4,3.064688176,validation
ARIMA,3.429930645,-3.487609585,10.34747088,1997Q2,1997Q1,5.887047103,validation
VAR,3.582100427,-3.025210516,10.18941137,1997Q2,1997Q1,5.887047103,validation
VECM,3.582100427,-2.959245693,10.12344655,1997Q2,1997Q1,5.887047103,validation
Historical mean,3.346214411,,,1997Q2,1997Q1,5.887047103,validation
Random walk,0,,,1997Q2,1997Q1,5.887047103,validation
ARIMA,3.902556271,-3.003226921,10.80833946,1997Q3,1997Q2,4.989209015,validation
VAR,2.282289682,-4.313128762,8.877708127,1997Q3,1997Q2,4.989209015,validation
VECM,2.282289682,-4.247718037,8.812297402,1997Q3,1997Q2,4.989209015,validation
Historical mean,3.362821161,,,1997Q3,1997Q2,4.989209015,validation
Random walk,0,,,1997Q3,1997Q2,4.989209015,validation
ARIMA,4.095487137,-2.789943486,10.98091776,1997Q4,1997Q3,3.057029617,validation
VAR,5.014878114,-1.572449837,11.60220607,1997Q4,1997Q3,3.057029617,validation
VECM,5.014878114,-1.507548472,11.5373047,1997Q4,1997Q3,3.057029617,validation
Historical mean,3.373382121,,,1997Q4,1997Q3,3.057029617,validation
Random walk,0,,,1997Q4,1997Q3,3.057029617,validation
ARIMA,3.531213869,-3.33392172,10.39634946,1998Q1,1997Q4,3.760950314,validation
VAR,3.868973343,-2.703812967,10.44175965,1998Q1,1997Q4,3.760950314,validation
VECM,3.868973343,-2.639477457,10.37742414,1998Q1,1997Q4,3.760950314,validation
Historical mean,3.371341137,,,1998Q1,1997Q4,3.760950314,validation
Random walk,0,,,1998Q1,1997Q4,3.760950314,validation
ARIMA,3.429991017,-3.413192497,10.27317453,1998Q2,1998Q1,3.580803649,validation
VAR,3.562989595,-2.988162348,10.11414154,1998Q2,1998Q1,3.580803649,validation
VECM,3.562989595,-2.924454332,10.05043352,1998Q2,1998Q1,3.580803649,validation
Historical mean,3.373838632,,,1998Q2,1998Q1,3.580803649,validation
Random walk,0,,,1998Q2,1998Q1,3.580803649,validation
ARIMA,3.485582972,-3.335810083,10.30697603,1998Q3,1998Q2,5.243346746,validation
VAR,5.031281841,-1.498426617,11.5609903,1998Q3,1998Q2,5.243346746,validation
VECM,5.031281841,-1.435336167,11.49789985,1998Q3,1998Q2,5.243346746,validation
Historical mean,3.37515688,,,1998Q3,1998Q2,5.243346746,validation
Random walk,0,,,1998Q3,1998Q2,5.243346746,validation
ARIMA,3.844945654,-2.96031157,10.65020288,1998Q4,1998Q3,6.864629748,validation
VAR,4.228264231,-2.280293824,10.73682229,1998Q4,1998Q3,6.864629748,validation
VECM,4.228264231,-2.217810221,10.67433868,1998Q4,1998Q3,6.864629748,validation
Historical mean,3.386980867,,,1998Q4,1998Q3,6.864629748,validation
Random walk,0,,,1998Q4,1998Q3,6.864629748,validation
ARIMA,4.461396789,-2.338481604,11.26127518,1999Q1,1998Q4,3.547518287,validation
VAR,4.664402956,-1.836271924,11.16507784,1999Q1,1998Q4,3.547518287,validation
VECM,4.664402956,-1.77426089,11.1030668,1999Q1,1998Q4,3.547518287,validation
Historical mean,3.408852872,,,1999Q1,1998Q4,3.547518287,validation
Random walk,0,,,1999Q1,1998Q4,3.547518287,validation
ARIMA,3.919260821,-2.860819236,10.69934088,1999Q2,1999Q1,3.114664075,validation
VAR,3.557020046,-2.9251255,10.03916559,1999Q2,1999Q1,3.114664075,validation
VECM,3.557020046,-2.863681975,9.977722068,1999Q2,1999Q1,3.114664075,validation
Historical mean,3.409719531,,,1999Q2,1999Q1,3.114664075,validation
Random walk,0,,,1999Q2,1999Q1,3.114664075,validation
ARIMA,3.370874433,-3.389248769,10.13099764,1999Q3,1999Q2,5.054577443,validation
VAR,4.753825737,-1.708011177,11.21566265,1999Q3,1999Q2,5.054577443,validation
VECM,4.753825737,-1.647144794,11.15479627,1999Q3,1999Q2,5.054577443,validation
Historical mean,3.407886889,,,1999Q3,1999Q2,5.054577443,validation
Random walk,0,,,1999Q3,1999Q2,5.054577443,validation
ARIMA,3.761464219,-2.98272231,10.50565075,1999Q4,1999Q3,7.120770796,validation
VAR,3.986164256,-2.455359218,10.42768773,1999Q4,1999Q3,7.120770796,validation
VECM,3.986164256,-2.39506282,10.36739133,1999Q4,1999Q3,7.120770796,validation
Historical mean,3.418051645,,,1999Q4,1999Q3,7.120770796,validation
Random walk,0,,,1999Q4,1999Q3,7.120770796,validation
ARIMA,4.515636136,-2.227418681,11.25869095,2000Q1,1999Q4,1.04419014,test
VAR,4.427410513,-2.012142714,10.86696374,2000Q1,1999Q4,1.04419014,test
VECM,4.427410513,-1.952238591,10.80705962,2000Q1,1999Q4,1.04419014,test
Historical mean,3.440767713,,,2000Q1,1999Q4,1.04419014,test
Random walk,0,,,2000Q1,1999Q4,1.04419014,test
ARIMA,3.386573343,-3.356664177,10.12981086,2000Q2,2000Q1,7.72743425,test
VAR,4.666707986,-1.773791176,11.10720715,2000Q2,2000Q1,7.72743425,test
VECM,4.666707986,-1.714247533,11.0476635,2000Q2,2000Q1,7.72743425,test
Historical mean,3.426154436,,,2000Q2,2000Q1,7.72743425,test
Random walk,0,,,2000Q2,2000Q1,7.72743425,test
ARIMA,4.052254219,-2.702424338,10.80693278,2000Q3,2000Q2,0.3342934001,test
VAR,3.390218076,-3.047187698,9.827623849,2000Q3,2000Q2,0.3342934001,test
VECM,3.390218076,-2.988037233,9.768473384,2000Q3,2000Q2,0.3342934001,test
Historical mean,3.452222798,,,2000Q3,2000Q2,0.3342934001,test
Random walk,0,,,2000Q3,2000Q2,0.3342934001,test
ARIMA,3.434833611,-3.32267901,10.19234623,2000Q4,2000Q3,2.360002866,test
VAR,3.645656208,-2.788738116,10.08005053,2000Q4,2000Q3,2.360002866,test
VECM,3.645656208,-2.729975293,10.02128771,2000Q4,2000Q3,2.360002866,test
Historical mean,3.433440091,,,2000Q4,2000Q3,2.360002866,test
Random walk,0,,,2000Q4,2000Q3,2.360002866,test
ARIMA,2.763622361,-3.97555719,9.502801912,2001Q1,2000Q4,-1.321085352,test
VAR,3.36875675,-3.048860513,9.786374013,2001Q1,2000Q4,-1.321085352,test
VECM,3.36875675,-2.990605596,9.728119096,2001Q1,2000Q4,-1.321085352,test
Historical mean,3.427012323,,,2001Q1,2000Q4,-1.321085352,test
Random walk,0,,,2001Q1,2000Q4,-1.321085352,test
ARIMA,2.257337965,-4.489690179,9.004366109,2001Q2,2001Q1,2.614395081,test
VAR,2.399457506,-4.038428908,8.837343921,2001Q2,2001Q1,2.614395081,test
VECM,2.399457506,-3.980341527,8.77925654,2001Q2,2001Q1,2.614395081,test
Historical mean,3.398749837,,,2001Q2,2001Q1,2.614395081,test
Random walk,0,,,2001Q2,2001Q1,2.614395081,test
ARIMA,2.527920477,-4.199339773,9.255180726,2001Q3,2001Q2,-1.098166424,test
VAR,2.25712341,-4.161307022,8.675553843,2001Q3,2001Q2,-1.098166424,test
VECM,2.25712341,-4.103741461,8.617988281,2001Q3,2001Q2,-1.098166424,test
Historical mean,3.394108685,,,2001Q3,2001Q2,-1.098166424,test
Random walk,0,,,2001Q3,2001Q2,-1.098166424,test
ARIMA,2.324202494,-4.404904388,9.053309376,2001Q4,2001Q3,1.410305761,test
VAR,2.461601862,-3.957592325,8.880796049,2001Q4,2001Q3,1.410305761,test
VECM,2.461601862,-3.900362111,8.823565836,2001Q4,2001Q3,1.410305761,test
Historical mean,3.367683537,,,2001Q4,2001Q3,1.410305761,test
Random walk,0,,,2001Q4,2001Q3,1.410305761,test
ARIMA,2.246598108,-4.464162595,8.957358811,2002Q1,2001Q4,3.420793168,test
VAR,4.792101521,-1.60980032,11.19400336,2002Q1,2001Q4,3.420793168,test
VECM,4.792101521,-1.553061519,11.13726456,2002Q1,2001Q4,3.420793168,test
Historical mean,3.356236883,,,2002Q1,2001Q4,3.420793168,test
Random walk,0,,,2002Q1,2001Q4,3.420793168,test
ARIMA,3.075035769,-3.618493439,9.768564976,2002Q2,2002Q1,2.116804101,test
VAR,2.13249059,-4.253617586,8.518598766,2002Q2,2002Q1,2.116804101,test
VECM,2.13249059,-4.197351219,8.462332399,2002Q2,2002Q1,2.116804101,test
Historical mean,3.35661221,,,2002Q2,2002Q1,2.116804101,test
Random walk,0,,,2002Q2,2002Q1,2.116804101,test
ARIMA,3.11187504,-3.563784969,9.787535049,2002Q3,2002Q2,1.993849005,test
VAR,2.509677703,-3.857509064,8.876864469,2002Q3,2002Q2,1.993849005,test
VECM,2.509677703,-3.80173701,8.821092415,2002Q3,2002Q2,1.993849005,test
Historical mean,3.34944569,,,2002Q3,2002Q2,1.993849005,test
Random walk,0,,,2002Q3,2002Q2,1.993849005,test
ARIMA,2.87453338,-3.783971308,9.533038069,2002Q4,2002Q3,0.08256861541,test
VAR,2.867000459,-3.481901634,9.215902552,2002Q4,2002Q3,0.08256861541,test
VECM,2.867000459,-3.426612609,9.160613527,2002Q4,2002Q3,0.08256861541,test
Historical mean,3.341654904,,,2002Q4,2002Q3,0.08256861541,test
Random walk,0,,,2002Q4,2002Q3,0.08256861541,test
ARIMA,2.434190816,-4.218015641,9.086397274,2003Q1,2002Q4,1.617407126,test
VAR,2.198706458,-4.145255423,8.54266834,2003Q1,2002Q4,1.617407126,test
VECM,2.198706458,-4.090328313,8.48774123,2003Q1,2002Q4,1.617407126,test
Historical mean,3.323031554,,,2003Q1,2002Q4,1.617407126,test
Random walk,0,,,2003Q1,2002Q4,1.617407126,test
ARIMA,2.447702471,-4.186648831,9.082053773,2003Q2,2003Q1,3.177742153,test
VAR,2.506856338,-3.819226987,8.832939664,2003Q2,2003Q1,3.177742153,test
VECM,2.506856338,-3.764769016,8.778481692,2003Q2,2003Q1,3.177742153,test
Historical mean,3.313340506,,,2003Q2,2003Q1,3.177742153,test
Random walk,0,,,2003Q2,2003Q1,3.177742153,test
ARIMA,3.02619349,-3.590271122,9.642658102,2003Q3,2003Q2,6.64891923,test
VAR,3.360933956,-2.947625631,9.669493544,2003Q3,2003Q2,6.64891923,test
VECM,3.360933956,-2.893628407,9.61549632,2003Q3,2003Q2,6.64891923,test
Historical mean,3.312574413,,,2003Q3,2003Q2,6.64891923,test
Random walk,0,,,2003Q3,2003Q2,6.64891923,test
ARIMA,4.027011065,-2.592156198,10.64617833,2003Q4,2003Q3,3.581799071,test
VAR,4.296585144,-2.012654925,10.60582521,2003Q4,2003Q3,3.581799071,test
VECM,4.296585144,-1.958958288,10.55212857,2003Q4,2003Q3,3.581799071,test
Historical mean,3.331317924,,,2003Q4,2003Q3,3.581799071,test
Random walk,0,,,2003Q4,2003Q3,3.581799071,test
ARIMA,3.91093595,-2.690010966,10.51188287,2004Q1,2003Q4,2.806944284,test
VAR,2.564937002,-3.727132589,8.857006593,2004Q1,2003Q4,2.806944284,test
VECM,2.564937002,-3.673884216,8.80375822,2004Q1,2003Q4,2.806944284,test
Historical mean,3.33271726,,,2004Q1,2003Q4,2.806944284,test
Random walk,0,,,2004Q1,2003Q4,2.806944284,test
ARIMA,3.267000389,-3.317558054,9.851558831,2004Q2,2004Q1,2.832876173,test
VAR,3.433043571,-2.841226388,9.707313531,2004Q2,2004Q1,2.832876173,test
VECM,3.433043571,-2.788426543,9.654513686,2004Q2,2004Q1,2.832876173,test
Historical mean,3.329796299,,,2004Q2,2004Q1,2.832876173,test
Random walk,0,,,2004Q2,2004Q1,2.832876173,test
ARIMA,3.151775651,-3.414867459,9.718418762,2004Q3,2004Q2,2.92740926,test
VAR,2.554088548,-3.703053355,8.811230452,2004Q3,2004Q2,2.92740926,test
VECM,2.554088548,-3.650691415,8.758868511,2004Q3,2004Q2,2.92740926,test
Historical mean,3.327050884,,,2004Q3,2004Q2,2.92740926,test
Random walk,0,,,2004Q3,2004Q2,2.92740926,test
ARIMA,3.174467641,-3.374190554,9.723125837,2004Q4,2004Q3,3.455546265,test
VAR,3.224337181,-3.015443005,9.464117366,2004Q4,2004Q3,3.455546265,test
VECM,3.224337181,-2.963516053,9.412190415,2004Q4,2004Q3,3.455546265,test
Historical mean,3.324855051,,,2004Q4,2004Q3,3.455546265,test
Random walk,0,,,2004Q4,2004Q3,3.455546265,test
ARIMA,3.302155542,-3.228711498,9.833022583,2005Q1,2004Q4,3.971457869,test
VAR,3.837958217,-2.384459676,10.06037611,2005Q1,2004Q4,3.971457869,test
VECM,3.837958217,-2.332962918,10.00887935,2005Q1,2004Q4,3.971457869,test
Historical mean,3.32556921,,,2005Q1,2004Q4,3.971457869,test
Random walk,0,,,2005Q1,2004Q4,3.971457869,test
ARIMA,3.495534906,-3.018276863,10.00934667,2005Q2,2005Q1,1.701228535,test
VAR,2.978531207,-3.226608565,9.183670979,2005Q2,2005Q1,1.701228535,test
VECM,2.978531207,-3.175536587,9.132599001,2005Q2,2005Q1,1.701228535,test
Historical mean,3.329079475,,,2005Q2,2005Q1,1.701228535,test
Random walk,0,,,2005Q2,2005Q1,1.701228535,test
ARIMA,3.085128762,-3.416173455,9.586430979,2005Q3,2005Q2,3.027015531,test
VAR,3.471517668,-2.719235949,9.662271285,2005Q3,2005Q2,3.027015531,test
VECM,3.471517668,-2.668560442,9.611595778,2005Q3,2005Q2,3.027015531,test
Historical mean,3.32028028,,,2005Q3,2005Q2,3.027015531,test
Random walk,0,,,2005Q3,2005Q2,3.027015531,test
ARIMA,3.018360646,-3.465445166,9.502166458,2005Q4,2005Q3,2.061859911,test
VAR,2.910087126,-3.263970523,9.084144776,2005Q4,2005Q3,2.061859911,test
VECM,2.910087126,-3.213705988,9.033880241,2005Q4,2005Q3,2.061859911,test
Historical mean,3.318703588,,,2005Q4,2005Q3,2.061859911,test
Random walk,0,,,2005Q4,2005Q3,2.061859911,test
ARIMA,3.011631674,-3.456289089,9.479552437,2006Q1,2005Q4,5.213130182,test
VAR,1.956561651,-4.201823131,8.114946432,2006Q1,2005Q4,5.213130182,test
VECM,1.956561651,-4.151956846,8.065080147,2006Q1,2005Q4,5.213130182,test
Historical mean,3.311982499,,,2006Q1,2005Q4,5.213130182,test
Random walk,0,,,2006Q1,2005Q4,5.213130182,test
ARIMA,3.537900541,-2.920396152,9.996197233,2006Q2,2006Q1,1.438235753,test
VAR,3.706409933,-2.453031573,9.86585144,2006Q2,2006Q1,1.438235753,test
VECM,3.706409933,-2.403424525,9.816244392,2006Q2,2006Q1,1.438235753,test
Historical mean,3.322094987,,,2006Q2,2006Q1,1.438235753,test
Random walk,0,,,2006Q2,2006Q1,1.438235753,test
ARIMA,3.225718807,-3.22236088,9.673798494,2006Q3,2006Q2,0.1065704926,test
VAR,2.583311136,-3.568089581,8.734711854,2006Q3,2006Q2,0.1065704926,test
VECM,2.583311136,-3.518811879,8.685434152,2006Q3,2006Q2,0.1065704926,test
Historical mean,3.312127478,,,2006Q3,2006Q2,0.1065704926,test
Random walk,0,,,2006Q3,2006Q2,0.1065704926,test
ARIMA,2.343172456,-4.103055634,8.789400546,2006Q4,2006Q3,2.912818024,test
VAR,2.755665024,-3.38942107,8.900751119,2006Q4,2006Q3,2.912818024,test
VECM,2.755665024,-3.340455461,8.851785509,2006Q4,2006Q3,2.912818024,test
Historical mean,3.295256125,,,2006Q4,2006Q3,2.912818024,test
Random walk,0,,,2006Q4,2006Q3,2.912818024,test
ARIMA,2.737846945,-3.692000848,9.167694738,2007Q1,2006Q4,1.199423847,test
VAR,3.509039639,-2.61963469,9.637713968,2007Q1,2006Q4,1.199423847,test
VECM,3.509039639,-2.571057905,9.589137184,2007Q1,2006Q4,1.199423847,test
Historical mean,3.293253831,,,2007Q1,2006Q4,1.199423847,test
Random walk,0,,,2007Q1,2006Q4,1.199423847,test
ARIMA,2.793680853,-3.623024506,9.210386212,2007Q2,2007Q1,3.165359667,test
VAR,3.3374465,-2.783764422,9.458657423,2007Q2,2007Q1,3.165359667,test
VECM,3.3374465,-2.735501822,9.410394823,2007Q2,2007Q1,3.165359667,test
Historical mean,3.282348467,,,2007Q2,2007Q1,3.165359667,test
Random walk,0,,,2007Q2,2007Q1,3.165359667,test
ARIMA,2.945307065,-3.45497019,9.34558432,2007Q3,2007Q2,3.532739125,test
VAR,1.989151968,-4.115892664,8.0941966,2007Q3,2007Q2,3.532739125,test
VECM,1.989151968,-4.068009222,8.046313158,2007Q3,2007Q2,3.532739125,test
Historical mean,3.281742307,,,2007Q3,2007Q2,3.532739125,test
Random walk,0,,,2007Q3,2007Q2,3.532739125,test
ARIMA,3.327250956,-3.057047867,9.711549778,2007Q4,2007Q3,2.100605606,test
VAR,2.397211313,-3.695654792,8.490077417,2007Q4,2007Q3,2.100605606,test
VECM,2.397211313,-3.648115448,8.442538073,2007Q4,2007Q3,2.100605606,test
Historical mean,3.283036105,,,2007Q4,2007Q3,2.100605606,test
Random walk,0,,,2007Q4,2007Q3,2.100605606,test
ARIMA,3.077054806,-3.293167165,9.447276776,2008Q1,2007Q4,-0.7290201918,test
VAR,2.052791295,-4.02424827,8.129830859,2008Q1,2007Q4,-0.7290201918,test
VECM,2.052791295,-3.97707778,8.082660369,2008Q1,2007Q4,-0.7290201918,test
Historical mean,3.276972359,,,2008Q1,2007Q4,-0.7290201918,test
Random walk,0,,,2008Q1,2007Q4,-0.7290201918,test
ARIMA,2.237931914,-4.138179901,8.61404373,2008Q2,2008Q1,1.445771517,test
VAR,1.124752442,-4.949082252,7.198587135,2008Q2,2008Q1,1.445771517,test
VECM,1.124752442,-4.902179352,7.151684235,2008Q2,2008Q1,1.445771517,test
Historical mean,3.256533622,,,2008Q2,2008Q1,1.445771517,test
Random walk,0,,,2008Q2,2008Q1,1.445771517,test
ARIMA,2.261739232,-4.099104666,8.62258313,2008Q3,2008Q2,-2.712544557,test
VAR,1.440066249,-4.618179076,7.498311574,2008Q3,2008Q2,-2.712544557,test
VECM,1.440066249,-4.571636169,7.451768667,2008Q3,2008Q2,-2.712544557,test
Historical mean,3.247341936,,,2008Q3,2008Q2,-2.712544557,test
Random walk,0,,,2008Q3,2008Q2,-2.712544557,test
ARIMA,1.656020972,-4.725915313,8.037957257,2008Q4,2008Q3,-5.521931894,test
VAR,-0.5015830133,-6.571996075,5.568830048,2008Q4,2008Q3,-5.521931894,test
VECM,-0.5015830133,-6.525597333,5.522431306,2008Q4,2008Q3,-5.521931894,test
Historical mean,3.217241499,,,2008Q4,2008Q3,-5.521931894,test
Random walk,0,,,2008Q4,2008Q3,-5.521931894,test
ARIMA,0.1851889178,-6.256561095,6.626938931,2009Q1,2008Q4,-6.644791897,test
VAR,-0.388894382,-6.483031662,5.705242898,2009Q1,2008Q4,-6.644791897,test
VECM,-0.388894382,-6.43668774,5.658898976,2009Q1,2008Q4,-6.644791897,test
Historical mean,3.173326055,,,2009Q1,2008Q4,-6.644791897,test
Random walk,0,,,2009Q1,2008Q4,-6.644791897,test
ARIMA,-0.8766293106,-7.368241614,5.614982993,2009Q2,2009Q1,-0.740499057,test
VAR,1.521383759,-4.61738221,7.660149729,2009Q2,2009Q1,-0.740499057,test
VECM,1.521383759,-4.570934386,7.613701904,2009Q2,2009Q1,-0.740499057,test
Historical mean,3.124235465,,,2009Q2,2009Q1,-0.740499057,test
Random walk,0,,,2009Q2,2009Q1,-0.740499057,test
ARIMA,0.4419614716,-6.033509745,6.917432689,2009Q3,2009Q2,2.744875033,test
VAR,0.6077074066,-5.523196693,6.738611507,2009Q3,2009Q2,2.744875033,test
VECM,0.6077074066,-5.477041175,6.692455989,2009Q3,2009Q2,2.744875033,test
Historical mean,3.10500793,,,2009Q3,2009Q2,2.744875033,test
Random walk,0,,,2009Q3,2009Q2,2.744875033,test
